{
    "loss": 2.4598190784454346,
    "accuracy": 0.7194244861602783
}