{
    "loss": 16.631275177001953,
    "accuracy": 0.5035971403121948
}